"id","manufacturer","name","additional","price","availability","product_image"
"1855","CONTINENTAL","TOYO     310    135    R15 72 S",,"28.96","1799","https://media2.tyre-shopping.com/images/tyre/310-R-w300-h300-br1.jpg"
"1857","CONTINENTAL","TOYO     330    135/80 R13 70 T",,"20.24","218","https://media2.tyre-shopping.com/images/tyre/330-R-w300-h300-br1.jpg"
"1875","CONTINENTAL","*TOYO    330    165/65 R14 79 T","AUSLAUF","184.41","32","https://media2.tyre-shopping.com/images/tyre/330-R-w300-h300-br1.jpg"
"1910","CONTINENTAL","*TOYO    330    185/70 R13 86 T","AUSLAUF","46.35","2","https://media2.tyre-shopping.com/images/tyre/330-R-w300-h300-br1.jpg"
"1915","CONTINENTAL","TOYO     330    185/80 R14 91 T",,"41.00","236","https://media2.tyre-shopping.com/images/tyre/330-R-w300-h300-br1.jpg"
"1942","CONTINENTAL","*TOYO    330    195/65 R15 91 T","AUSLAUF","58.56","1","https://media2.tyre-shopping.com/images/tyre/330-R-w300-h300-br1.jpg"
"2106","BRIDGESTONE","TOYO     785    215    R15 100S",,"58.70","202","https://media2.tyre-shopping.com/images/tyre/785-R-w300-h300-br1.jpg"
"2123","GOODYEAR","*TOYO     600+4 P275/60 R15 107H","WEIßE SCHRIFT AUSLAUF","62.68","38","https://media2.tyre-shopping.com/images/tyre/600-R-w300-h300-br1.jpg"
"2173","CONTINENTAL","TOYO     330    195/70 R15 97 S RF",,"43.44","79","https://media2.tyre-shopping.com/images/tyre/330-R-w300-h300-br1.jpg"
"2214","BRIDGESTONE","*YOKOHAMA S 760  145/80 R13 75 T","AUSLAUF","28.00","14","https://media2.tyre-shopping.com/images/tyre/760-R-w300-h300-br1.jpg"
"2219","BRIDGESTONE","*YOKOHAMA S 760  155/80 R13 79 T","AUSLAUF","28.44","60","https://media2.tyre-shopping.com/images/tyre/760-R-w300-h300-br1.jpg"
"2342","SEMPERIT","*YOKOHAMA A 411  225/55 R16 94 V","OE TOYOTA GS 300","134.99","12","https://media2.tyre-shopping.com/images/tyre/411-R-w300-h300-br1.jpg"
"10217","BRIDGESTONE","RIGDON   780    145/70 R13 71 Q","RUNDERN. TÜV-GEPRÜFT M+S","23.00","9","https://media2.tyre-shopping.com/images/tyre/780-R-w300-h300-br1.jpg"
"10219","BRIDGESTONE","RIGDON   780    145/80 R13 75 Q","RUNDERN. TÜV-GEPRÜFT M+S","21.68","126","https://media2.tyre-shopping.com/images/tyre/780-R-w300-h300-br1.jpg"
"10223","BRIDGESTONE","RIGDON   780    155/80 R13 79 Q","RUNDERN. TÜV-GEPRÜFT M+S","22.75","76","https://media2.tyre-shopping.com/images/tyre/780-R-w300-h300-br1.jpg"
"10228","BRIDGESTONE","RIGDON   780    165/70 R13 79 Q","RUNDERN. TÜV-GEPRÜFT M+S","26.70","45","https://media2.tyre-shopping.com/images/tyre/780-R-w300-h300-br1.jpg"
"10233","BRIDGESTONE","RIGDON   780    175/65 R14 82 Q","RUNDERN. TÜV-GEPRÜFT M+S","24.80","72","https://media2.tyre-shopping.com/images/tyre/780-R-w300-h300-br1.jpg"
"10241","BRIDGESTONE","RIGDON   780    175/80 R14 88 Q","RUNDERN. TÜV-GEPRÜFT M+S","28.43","32","https://media2.tyre-shopping.com/images/tyre/780-R-w300-h300-br1.jpg"
"10246","BRIDGESTONE","RIGDON   780    185/65 R14 86 T","RUNDERN. TÜV-GEPRÜFT M+S","34.00","1","https://media2.tyre-shopping.com/images/tyre/780-R-w300-h300-br1.jpg"
"10254","BRIDGESTONE","RIGDON   780    185/70 R14 88 T","RUNDERN. TÜV-GEPRÜFT M+S","29.45","4","https://media2.tyre-shopping.com/images/tyre/780-R-w300-h300-br1.jpg"
"12059","TOYO","CONTI    TS 790 225/60 R16 98 H","M+S","103.58","125","https://media2.tyre-shopping.com/images/tyre/790-R-w300-h300-br1.jpg"
"12062","TOYO","CONTI    TS 790 185/55 R15 82 T","M+S","64.28","774","https://media2.tyre-shopping.com/images/tyre/790-R-w300-h300-br1.jpg"
"12069","TOYO","CONTI    TS 790 245/55 R17 102H","* BMW M+S","159.00","182","https://media2.tyre-shopping.com/images/tyre/790-R-w300-h300-br1.jpg"
"12121","GOODYEAR","*YOKOHAM A 539  175/60 R14 79 H","AUSLAUF","54.25","39","https://media2.tyre-shopping.com/images/tyre/539-R-w300-h300-br1.jpg"
"12461","TOYO","KUMHO    857    225/70R15C 112R",,"55.49","1604","https://media2.tyre-shopping.com/images/tyre/857-R-w300-h300-br1.jpg"
"15997","TOYO","KUMHO    857    165    R13C  94P",,"39.29","287","https://media2.tyre-shopping.com/images/tyre/857-R-w300-h300-br1.jpg"
"16001","TOYO","KUMHO   857    165/70R14C 89 R",,"41.38","410","https://media2.tyre-shopping.com/images/tyre/857-R-w300-h300-br1.jpg"
"18998","BRIDGESTONE","*MARSHAL  719    215/60 R15 94 H",,"30.00","1","https://media2.tyre-shopping.com/images/tyre/719-R-w300-h300-br1.jpg"
"19039","BRIDGESTONE","*MARSHAL 717    225/40 R18 88 W","AUSLAUF","53.00","196","https://media2.tyre-shopping.com/images/tyre/717-R-w300-h300-br1.jpg"
"19057","TOYO","MARSHAL  857    185    R14C 102Q",,"40.60","40","https://media2.tyre-shopping.com/images/tyre/857-R-w300-h300-br1.jpg"
"19074","BRIDGESTONE","*MARSHAL  856    185/75R16C 104Q","AUSLAUF","56.80","52","https://media2.tyre-shopping.com/images/tyre/856-R-w300-h300-br1.jpg"
"19290","ROADSTONE","*UNIROYAL R 680  185/70 R14 88 T","AUSLAUF","42.90","2","https://media2.tyre-shopping.com/images/tyre/680-R-w300-h300-br1.jpg"
"19304","ROADSTONE","*UNIROYAL R 680  135/80 R13 70 T","AUSLAUF","19.20","1","https://media2.tyre-shopping.com/images/tyre/680-R-w300-h300-br1.jpg"
"20201","BRIDGESTONE","RESPA-ÖK 780    155/70 R13 75 Q","DEUTSCHE RUNDERN. MIT TÜV-SIEGEL M+S","24.00","3","https://media2.tyre-shopping.com/images/tyre/780-R-w300-h300-br1.jpg"
"23800","FORTUNA","BRIDGEST D 684  205/65 R16 95 T",,"73.07","332","https://media2.tyre-shopping.com/images/tyre/684-R-w300-h300-br1.jpg"
"24044","SEMPERIT","*HANKOOK  W400  205/45 R16 83 H","AUSLAUF M+S","24.49","1","https://media2.tyre-shopping.com/images/tyre/400-R-w300-h300-br1.jpg"
"25414","TOYO","RESPA-ÖK 790    205/55 R16 91 T","DEUTSCHE RUNDERN. MIT TÜV-SIEGEL M+S","30.90","60","https://media2.tyre-shopping.com/images/tyre/790-R-w300-h300-br1.jpg"
"27254","TOYO","KUMHO    857    205/70R15C 106S",,"52.99","368","https://media2.tyre-shopping.com/images/tyre/857-R-w300-h300-br1.jpg"
"28942","GOODYEAR","*UNIROYA R 550  215/55 R16 97 H XL","AUSLAUF","90.10","1","https://media2.tyre-shopping.com/images/tyre/550-R-w300-h300-br1.jpg"
"30423","BRIDGESTONE","*KUMHO    798    225/70 R16 102T","AUSLAUF","68.16","106","https://media2.tyre-shopping.com/images/tyre/798-R-w300-h300-br1.jpg"
"31654","BRIDGESTONE","CONTI    TS 810 185/65 R15 88 T MO","MO-KENNUNG M+S","42.00","212","https://media2.tyre-shopping.com/images/tyre/810-R-w300-h300-br1.jpg"
"31672","BRIDGESTONE","CONTI    TS 760 175/55 R15 77 T","M+S","62.88","595","https://media2.tyre-shopping.com/images/tyre/760-R-w300-h300-br1.jpg"
"31695","TOYO","CONTI    TS790V 245/50 R18 104V XL*","EXTRA LOAD * BMW-MODELLE M+S","168.66","278","https://media2.tyre-shopping.com/images/tyre/790-R-w300-h300-br1.jpg"
"31702","BRIDGESTONE","CONTI    TS810S 245/45 R18 100V *","EXTRA LOAD * BMW-MODELLE M+S","157.33","683","https://media2.tyre-shopping.com/images/tyre/810-R-w300-h300-br1.jpg"
"31714","BRIDGESTONE","CONTI    TS810S 195/55 R16 87 H *","SSR-AUSFÜHRUNG (RUNFLAT) M+S","95.30","419","https://media2.tyre-shopping.com/images/tyre/810-R-w300-h300-br1.jpg"
"32948","BRIDGESTONE","CONTI    TS810S 275/30 R19 96 W XL","EXTRA LOAD M+S","245.46","80","https://media2.tyre-shopping.com/images/tyre/810-R-w300-h300-br1.jpg"
"35251","BRIDGESTONE","CONTI    TS 800 165/70 R14 81 T","M+S","57.31","31","https://media2.tyre-shopping.com/images/tyre/800-R-w300-h300-br1.jpg"
"35263","BRIDGESTONE","CONTI    TS 800 185/60 R15 88 T XL","EXTRA LOAD M+S","46.25","442","https://media2.tyre-shopping.com/images/tyre/800-R-w300-h300-br1.jpg"
"39676","TOYO","KUMHO    857    205/65R16C 107T",,"59.99","32","https://media2.tyre-shopping.com/images/tyre/857-R-w300-h300-br1.jpg"
"40401","BRIDGESTONE","CONTI    TS810  195/60 R16 89 H MO","MO-AUSFÜHRUNG M+S","80.12","57","https://media2.tyre-shopping.com/images/tyre/810-R-w300-h300-br1.jpg"
"41481","TOYO","RIGDON   790    195/65 R15 95Q RF","RUNDERN. TÜV-GEPRÜFT M+S","36.90","2","https://media2.tyre-shopping.com/images/tyre/790-R-w300-h300-br1.jpg"
"41936","TOYO","RIGDON   790    215/55 R16 93 T","RUNDERN. TÜV-GEPRÜFT M+S","39.25","1","https://media2.tyre-shopping.com/images/tyre/790-R-w300-h300-br1.jpg"
"42089","KUMHO","CONTINEN 335/80R20 134E TL MPT 70E","147A2","308.00","4","https://media2.tyre-shopping.com/images/tyre/70-R-w300-h300-br1.jpg"
"42090","KUMHO","CONTINEN 365/80R20 139E TL MPT 70E","153A2","357.00","8","https://media2.tyre-shopping.com/images/tyre/70-R-w300-h300-br1.jpg"
"42092","KUMHO","CONTINEN 455/70R24 152E TL MPT 70E","165A2","530.00","2","https://media2.tyre-shopping.com/images/tyre/70-R-w300-h300-br1.jpg"
"42093","KUMHO","CONTINEN 325/70R18 125E TL MPT 70E","138A2","259.00","6","https://media2.tyre-shopping.com/images/tyre/70-R-w300-h300-br1.jpg"
"42480","BRIDGESTONE","CONTI    TS810S 235/40 R18 95 V N1","EXTRA LOAD  PORSCHE-MODELLE M+S","151.55","437","https://media2.tyre-shopping.com/images/tyre/810-R-w300-h300-br1.jpg"
"42932","CONTINENTAL","TOYO     350    155/80 R13 79 T",,"25.50","150","https://media2.tyre-shopping.com/images/tyre/350-R-w300-h300-br1.jpg"
"42933","CONTINENTAL","TOYO     350    165/80 R13 87 R XL","EXTRA LOAD","32.56","198","https://media2.tyre-shopping.com/images/tyre/350-R-w300-h300-br1.jpg"
"42938","CONTINENTAL","TOYO     350    175/70 R13 82 T",,"26.31","841","https://media2.tyre-shopping.com/images/tyre/350-R-w300-h300-br1.jpg"
"42942","CONTINENTAL","TOYO     350    195/70 R14 91 T",,"44.25","342","https://media2.tyre-shopping.com/images/tyre/350-R-w300-h300-br1.jpg"
"42946","CONTINENTAL","TOYO     350    155/65 R14 75 T",,"29.34","477","https://media2.tyre-shopping.com/images/tyre/350-R-w300-h300-br1.jpg"
"42948","CONTINENTAL","TOYO     350    175/65 R14 82 T",,"29.28","1117","https://media2.tyre-shopping.com/images/tyre/350-R-w300-h300-br1.jpg"
"44088","BRIDGESTONE","*KUMHO    798    205/70 R15 95 S","AUSLAUF","52.99","73","https://media2.tyre-shopping.com/images/tyre/798-R-w300-h300-br1.jpg"
"44097","BRIDGESTONE","*KUMHO    798P   235/65 R17 104T","PLUS OE SSANGYONG AUSLAUF","124.83","6","https://media2.tyre-shopping.com/images/tyre/798-R-w300-h300-br1.jpg"
"44102","TOYO","KUMHO    857    175    R13C  94P",,"39.89","293","https://media2.tyre-shopping.com/images/tyre/857-R-w300-h300-br1.jpg"
"44542","TOYO","MARSHAL  857    195    R14C 106R 8PR",,"46.00","12","https://media2.tyre-shopping.com/images/tyre/857-R-w300-h300-br1.jpg"
"44550","TOYO","*MARSHAL  857    215/75R16C 116Q 10P","AUSLAUF","69.95","5","https://media2.tyre-shopping.com/images/tyre/857-R-w300-h300-br1.jpg"
"44560","TOYO","MARSHAL  857    205/65R16C 107T 8PR",,"51.90","48","https://media2.tyre-shopping.com/images/tyre/857-R-w300-h300-br1.jpg"
"44930","BRIDGESTONE","CONTI    TS810S 225/45 R17 91 H*","SSR-BMW AUSFÜHRUNG (RUNFLAT) M+S","137.73","387","https://media2.tyre-shopping.com/images/tyre/810-R-w300-h300-br1.jpg"
"46548","BRIDGESTONE","CONTI    TS810S 245/55 R17 102H *","SSR-AUSFÜHRUNG BMW MODELLE M+S","175.65","238","https://media2.tyre-shopping.com/images/tyre/810-R-w300-h300-br1.jpg"
"46553","BRIDGESTONE","CONTI    TS810S 235/35 R19 91 V XL","EXTRA LOAD  MERCEDES MODELLE MO M+S","170.95","527","https://media2.tyre-shopping.com/images/tyre/810-R-w300-h300-br1.jpg"
"46554","BRIDGESTONE","CONTI    TS810S 225/40 R18 92 V XL","EXTRA LOAD MERCEDES MODELLE MO M+S","124.92","191","https://media2.tyre-shopping.com/images/tyre/810-R-w300-h300-br1.jpg"
"46555","BRIDGESTONE","CONTI    TS810S 275/30 R19 96 V XL","EXTRA LOAD MERCEDES MODELLE MO M+S","162.94","172","https://media2.tyre-shopping.com/images/tyre/810-R-w300-h300-br1.jpg"
"49096","BRIDGESTONE","CONTI    TS 830 205/65 R15 94 T","M+S","92.96","14","https://media2.tyre-shopping.com/images/tyre/830-R-w300-h300-br1.jpg"
"49098","BRIDGESTONE","CONTI    TS 830 195/60 R15 88 T","M+S","53.45","86","https://media2.tyre-shopping.com/images/tyre/830-R-w300-h300-br1.jpg"
"55911","BRIDGESTONE","CONTI    TS810S 205/55 R17 95 V XL","FR N2  EXTRA LOAD M+S","121.47","351","https://media2.tyre-shopping.com/images/tyre/810-R-w300-h300-br1.jpg"
"56904","TOYO","KUMHO    857    185/75R14C 102R",,"46.15","167","https://media2.tyre-shopping.com/images/tyre/857-R-w300-h300-br1.jpg"
"56905","TOYO","KUMHO    857    235/65R16C 115R",,"75.77","595","https://media2.tyre-shopping.com/images/tyre/857-R-w300-h300-br1.jpg"
"57029","CONTINENTAL","TOYO     350    175/65 R15 84 T",,"34.39","321","https://media2.tyre-shopping.com/images/tyre/350-R-w300-h300-br1.jpg"
"57748","BRIDGESTONE","CONTI    TS830P 225/55 R16 99 V XL","EXTRA LOAD M+S","113.98","500","https://media2.tyre-shopping.com/images/tyre/830-R-w300-h300-br1.jpg"
"57796","BRIDGESTONE","CONTI   TS830P 225/45 R17 91 H MO","FR MERCEDES MODELLE M+S","113.65","597","https://media2.tyre-shopping.com/images/tyre/830-R-w300-h300-br1.jpg"
"57798","BRIDGESTONE","CONTI    TS830P 245/45 R17 99 H  XL MO","FR MERCEDES MODELLE EXTRA LOAD M+S","155.38","535","https://media2.tyre-shopping.com/images/tyre/830-R-w300-h300-br1.jpg"
"57804","BRIDGESTONE","CONTI    TS830P 215/55 R17 98 V XL","EXTRA LOAD M+S","125.09","659","https://media2.tyre-shopping.com/images/tyre/830-R-w300-h300-br1.jpg"
"57810","BRIDGESTONE","CONTI    TS830P 225/50 R17 98 V XL","EXTRA LOAD FR M+S","126.23","483","https://media2.tyre-shopping.com/images/tyre/830-R-w300-h300-br1.jpg"
"59374","BRIDGESTONE","CONTI    TS810S 225/55 R17 97 H*","BMW M+S","127.12","284","https://media2.tyre-shopping.com/images/tyre/810-R-w300-h300-br1.jpg"
"60687","BRIDGESTONE","KUMHO    856    185/75R16C 104Q","102Q","54.91","81","https://media2.tyre-shopping.com/images/tyre/856-R-w300-h300-br1.jpg"
"60689","TOYO","KUMHO    857    225/75R16C 121R","120R","81.50","107","https://media2.tyre-shopping.com/images/tyre/857-R-w300-h300-br1.jpg"
"64209","BRIDGESTONE","CONTI    TS810S 255/45 R19 104V XL N0","FR NO PORSCHE M+S","173.71","329","https://media2.tyre-shopping.com/images/tyre/810-R-w300-h300-br1.jpg"
"64210","BRIDGESTONE","CONTI    TS810S 285/40 R19 107V XL N0","EXTRA LOAD PORSCHE M+S","195.23","462","https://media2.tyre-shopping.com/images/tyre/810-R-w300-h300-br1.jpg"
"64212","BRIDGESTONE","CONTI    TS810S 285/35 R20 104V XL N0","EXTRA LOAD PORSCHE M+S","228.70","404","https://media2.tyre-shopping.com/images/tyre/810-R-w300-h300-br1.jpg"
"64214","BRIDGESTONE","CONTI    TS830P 225/45 R17 94 H XL","FR EXTRA LOAD M+S","117.31","735","https://media2.tyre-shopping.com/images/tyre/830-R-w300-h300-br1.jpg"
"64218","BRIDGESTONE","CONTI    TS830P  205/50 R17 93 H XL","CONTI SEAL EXTRA LOAD FR M+S","130.09","396","https://media2.tyre-shopping.com/images/tyre/830-R-w300-h300-br1.jpg"
"64231","BRIDGESTONE","CONTI    TS830P 225/50 R16 92 H","M+S","117.43","563","https://media2.tyre-shopping.com/images/tyre/830-R-w300-h300-br1.jpg"
"64232","BRIDGESTONE","CONTI    TS830P 215/65 R17 99 T","M+S","89.25","1005","https://media2.tyre-shopping.com/images/tyre/830-R-w300-h300-br1.jpg"
"64233","BRIDGESTONE","CONTI    TS830P 225/60 R16 102V XL","EXTRA LOAD M+S","108.12","146","https://media2.tyre-shopping.com/images/tyre/830-R-w300-h300-br1.jpg"
"64239","BRIDGESTONE","CONTI    TS830P 245/40 R18 97 V XL","FR M+S","142.20","815","https://media2.tyre-shopping.com/images/tyre/830-R-w300-h300-br1.jpg"
"64730","BRIDGESTONE","CONTI    TS830P 215/55 R16 93 H MO","MERCEDES M+S","95.47","413","https://media2.tyre-shopping.com/images/tyre/830-R-w300-h300-br1.jpg"
"66049","GOODYEAR","TOYO     600HT P255/70 R15 108T","S-KENNUNG","75.30","372","https://media2.tyre-shopping.com/images/tyre/600-R-w300-h300-br1.jpg"
"68205","CONTINENTAL","RIGDON  385/55 R22.5 505 TA-PIL 158L","VV TL  KD-RE","219.90","2","https://media2.tyre-shopping.com/images/tyre/505-R-w300-h300-br1.jpg"
"68803","PIRELLI","RIGDON  315/70R22.5 44 DE2 154/150L","VV TL  1.RE","169.00","22","https://media2.tyre-shopping.com/images/tyre/44-R-w300-h300-br1.jpg"
"69088","GOODYEAR","RIGDON  245/70R17.5 547 ZT 136/134M","VV TL  1.RE","144.00","4","https://media2.tyre-shopping.com/images/tyre/547-R-w300-h300-br1.jpg"
"69165","GOODYEAR","RIGDON  215/75R17.5 570 M+S 4 126/124M","VV TL  1.RE","114.96","1","https://media2.tyre-shopping.com/images/tyre/570-R-w300-h300-br1.jpg"
"69263","GOODYEAR","RIGDON  275/80R22.5 586 DA 149/146L","FV TL  1.RE","229.00","2","https://media2.tyre-shopping.com/images/tyre/586-R-w300-h300-br1.jpg"
"69349","GOODYEAR","RIGDON  9.5R17.5 591 TC 129/127L","VV TL  1.RE","159.00","8","https://media2.tyre-shopping.com/images/tyre/591-R-w300-h300-br1.jpg"
"69365","GOODYEAR","RIGDON  315/80R22.5 596 LL 156/150K","BS TL  1.RE","198.00","1","https://media2.tyre-shopping.com/images/tyre/596-R-w300-h300-br1.jpg"
"69436","GOODYEAR","RIGDON  315/70R22.5 612 M817 154/150L","VV TL  1.RE","185.00","8","https://media2.tyre-shopping.com/images/tyre/612-R-w300-h300-br1.jpg"
"108496","KUMHO","KENDA    KR06   165    R13 94 N",,"34.00","60","https://media2.tyre-shopping.com/images/tyre/94-R-w300-h300-br1.jpg"
"108593","WANLI","FEDERAL  SS657  165/65 R13 77 H",,"32.50","8","https://media2.tyre-shopping.com/images/tyre/657-R-w300-h300-br1.jpg"
"111584","BRIDGESTONE","SONAR    S-780  165/80 R15 87 T",,"32.25","50","https://media2.tyre-shopping.com/images/tyre/780-R-w300-h300-br1.jpg"
"112297","GOODYEAR","SONAR    SX-608 185/55 R15 82 V",,"33.45","2","https://media2.tyre-shopping.com/images/tyre/608-R-w300-h300-br1.jpg"
"112298","GOODYEAR","SONAR    SX-608 185/60 R14 82 H",,"28.45","4","https://media2.tyre-shopping.com/images/tyre/608-R-w300-h300-br1.jpg"
"112299","GOODYEAR","SONAR    SX-608 185/65 R14 86 H",,"28.50","50","https://media2.tyre-shopping.com/images/tyre/608-R-w300-h300-br1.jpg"
"112305","GOODYEAR","SONAR    SX-608 195/60 R14 86 H",,"30.25","46","https://media2.tyre-shopping.com/images/tyre/608-R-w300-h300-br1.jpg"
"112318","GOODYEAR","SONAR    SX-608 205/50 R15 86 V",,"37.25","54","https://media2.tyre-shopping.com/images/tyre/608-R-w300-h300-br1.jpg"
"112320","GOODYEAR","SONAR    SX-608 205/55 R15 88 V",,"37.45","18","https://media2.tyre-shopping.com/images/tyre/608-R-w300-h300-br1.jpg"
"112339","GOODYEAR","SONAR    SX-608 225/60 R15 96 V",,"45.00","31","https://media2.tyre-shopping.com/images/tyre/608-R-w300-h300-br1.jpg"
"119746","CONTINENTAL","ALLIANCE 328    550/45-225 16PR","159 A8","392.00","1","https://media2.tyre-shopping.com/images/tyre/328-R-w300-h300-br1.jpg"
"124619","MICHELIN","INTERST. TOUR.  205/60 R15 91 V",,"45.00","24","https://media2.tyre-shopping.com/images/tyre/205-R-w300-h300-br1.jpg"
"125022","ROADSTONE","GTRADIAL GT679  215/75R175 126M",,"185.00","6","https://media2.tyre-shopping.com/images/tyre/679-R-w300-h300-br1.jpg"
"131403","FULDA","KINGSTIR KT7612 175/65 R14 82 H",,"26.90","1","https://media2.tyre-shopping.com/images/tyre/175-R-w300-h300-br1.jpg"
"140381","FIRENZA","SF ALFA 155         6.5X15ET37 4/98","9195 AR515005","39.50","7","https://media2.tyre-shopping.com/images/tyre/9195-R-w300-h300-br1.jpg"
"140633","FULDA","DEXTERO  DWT1   185/65 R15 88 T",,"34.00","69","https://media2.tyre-shopping.com/images/tyre/185-R-w300-h300-br1.jpg"
"142954","NEXEN","MINERVA  109    165/70 R13 79 T",,"27.80","19","https://media2.tyre-shopping.com/images/tyre/109-R-w300-h300-br1.jpg"
"143733","ANTYRE","SF OPEL OMEGA B        6.5X15 ET33","6450 OP515006 153001 AUSLAUF","48.56","4","https://media2.tyre-shopping.com/images/tyre/6450-R-w300-h300-br1.jpg"
"144724","GOODYEAR","FEDERAL  SS595E 275/30 R20 97 Y",,"111.90","51","https://media2.tyre-shopping.com/images/tyre/595-R-w300-h300-br1.jpg"
"144738","GOODYEAR","FEDERAL  SS595E 195/55 R16 87 V",,"48.86","38","https://media2.tyre-shopping.com/images/tyre/595-R-w300-h300-br1.jpg"
"145003","GOODYEAR","ITP      589MS  25X10.0-11 6 PR TL",,"58.00","2","https://media2.tyre-shopping.com/images/tyre/589-R-w300-h300-br1.jpg"
"145153","MICHELIN","METEOR   VAN    195/70 R15 104S",,"49.66","7","https://media2.tyre-shopping.com/images/tyre/195-R-w300-h300-br1.jpg"
"145991","AVON","DELFIN   DK5000 225/35 R19 88 W XL",,"61.00","50","https://media2.tyre-shopping.com/images/tyre/500-R-w300-h300-br1.jpg"
"146210","MICHELIN","COMPASS  ST5000 195/50 R13 104N","TRAILER","42.00","20","https://media2.tyre-shopping.com/images/tyre/195-R-w300-h300-br1.jpg"
"146859","CONTINENTAL","NEXEN    AT-II  235/85 R16 120Q","RW","76.25","223","https://media2.tyre-shopping.com/images/tyre/235-R-w300-h300-br1.jpg"
"147404","NEXEN","MINERVA  109    155/70 R13 75 T",,"27.50","14","https://media2.tyre-shopping.com/images/tyre/109-R-w300-h300-br1.jpg"
"149209","AVON","DELFIN   DK5000 235/45ZR17 97 W XL",,"47.25","50","https://media2.tyre-shopping.com/images/tyre/500-R-w300-h300-br1.jpg"
"149772","MICHELIN","METEOR   CRUISE 205/65 R15 94 V",,"45.18","2","https://media2.tyre-shopping.com/images/tyre/205-R-w300-h300-br1.jpg"
"150146","NEXEN","ROCKSTON 109    175/70 R13 82 T",,"27.50","194","https://media2.tyre-shopping.com/images/tyre/109-R-w300-h300-br1.jpg"
"150148","NEXEN","ROCKSTON 109    185/70 R14 88 T",,"33.50","83","https://media2.tyre-shopping.com/images/tyre/109-R-w300-h300-br1.jpg"
"151362","MICHELIN","RUNWAY   END-LT 195    R15 106N",,"48.00","2","https://media2.tyre-shopping.com/images/tyre/195-R-w300-h300-br1.jpg"
"152247","CONTINENTAL","NEXEN    RO-HT  275/70 R16 114S",,"49.00","40","https://media2.tyre-shopping.com/images/tyre/275-R-w300-h300-br1.jpg"
"152763","MICHELIN","NEXEN    WIN231 205/65 R15 94 T",,"49.00","17","https://media2.tyre-shopping.com/images/tyre/205-R-w300-h300-br1.jpg"
"154761","NEXEN","ROCKSTON 109    185/70 R13 86 T",,"30.99","54","https://media2.tyre-shopping.com/images/tyre/109-R-w300-h300-br1.jpg"
"154957","NEXEN","MINERVA  109    165/60 R14 75 H",,"30.45","28","https://media2.tyre-shopping.com/images/tyre/109-R-w300-h300-br1.jpg"
"154966","NEXEN","MINERVA  109    165/70 R14 81 T",,"29.33","8","https://media2.tyre-shopping.com/images/tyre/109-R-w300-h300-br1.jpg"
"155859","NEXEN","MINERVA  109    175/65 R13 80 T",,"29.40","1","https://media2.tyre-shopping.com/images/tyre/109-R-w300-h300-br1.jpg"
"163246","NEXEN","MINERVA  109    145/80 R13 75 T",,"23.90","20","https://media2.tyre-shopping.com/images/tyre/109-R-w300-h300-br1.jpg"
"164846","PIRELLI","SUPER-KI SK54A  11.2   -28 8 PR TT",,"157.00","1","https://media2.tyre-shopping.com/images/tyre/54-R-w300-h300-br1.jpg"
"167090","NEXEN","MINERVA  109    205/70 R15 96 T",,"45.00","24","https://media2.tyre-shopping.com/images/tyre/109-R-w300-h300-br1.jpg"
"170152","MICHELIN","DURO     DP3000 215/60 R15 94 H",,"39.00","1","https://media2.tyre-shopping.com/images/tyre/215-R-w300-h300-br1.jpg"
"171197","NEXEN","MINERVA  109    175/65 R14 90 T",,"35.95","11","https://media2.tyre-shopping.com/images/tyre/109-R-w300-h300-br1.jpg"
"171258","NEXEN","ROCKSTON 109    155/65 R14 75 T",,"26.90","136","https://media2.tyre-shopping.com/images/tyre/109-R-w300-h300-br1.jpg"
"171663","FULDA","SUNNY    SN828  165/70 R14 81 T",,"29.10","2","https://media2.tyre-shopping.com/images/tyre/165-R-w300-h300-br1.jpg"
"175152","GOODYEAR","SONAR    SX-608 225/60 R16 98 V",,"47.00","14","https://media2.tyre-shopping.com/images/tyre/608-R-w300-h300-br1.jpg"
"175153","GOODYEAR","SONAR    SX-608 215/60 R16 99 V XL",,"46.25","2","https://media2.tyre-shopping.com/images/tyre/608-R-w300-h300-br1.jpg"
"176655","TOYO","KUMHO    857    205/65 R15 102R","DOT 2008","60.25","18","https://media2.tyre-shopping.com/images/tyre/857-R-w300-h300-br1.jpg"
"177718","BRIDGESTONE","MARSHAL  825    195    R15 100S","ROADVENTURE DOT 2007","53.50","1","https://media2.tyre-shopping.com/images/tyre/825-R-w300-h300-br1.jpg"
"179171","TOYO","MARSHAL  857    165/70R14C 89 R","DOT 2007","40.95","2","https://media2.tyre-shopping.com/images/tyre/857-R-w300-h300-br1.jpg"
"179825","FULDA","ROCKSTON S110   155/65 R14 75 T",,"28.33","222","https://media2.tyre-shopping.com/images/tyre/155-R-w300-h300-br1.jpg"
"183001","SEMPERIT","OVATION  VI-388 205/45 R17 88 W",,"41.60","7","https://media2.tyre-shopping.com/images/tyre/388-R-w300-h300-br1.jpg"
"183511","MATADOR","ATF      3160   6.00   -16 8 PR TT",,"40.41","98","https://media2.tyre-shopping.com/images/tyre/3160-R-w300-h300-br1.jpg"
"184338","BRIDGESTONE","TOYO     785    205/80 R16 104S",,"73.55","190","https://media2.tyre-shopping.com/images/tyre/785-R-w300-h300-br1.jpg"
"185402","TOYO","MARSHAL  857    195/75R16C 107R 8PR","DOT 2007","69.09","2","https://media2.tyre-shopping.com/images/tyre/857-R-w300-h300-br1.jpg"
"185810","SEMPERIT","OVATION  VI-388 215/55 R16 97 W",,"44.75","50","https://media2.tyre-shopping.com/images/tyre/388-R-w300-h300-br1.jpg"
"187512","BRIDGESTONE","MARSHAL  P825   255/70 R16 109S","DOT 2007","75.00","2","https://media2.tyre-shopping.com/images/tyre/825-R-w300-h300-br1.jpg"
"192542","BRIDGESTONE","MARSHAL  856    185    R15C  103P","DOT 2008","60.00","11","https://media2.tyre-shopping.com/images/tyre/856-R-w300-h300-br1.jpg"
"196835","TOYO","MARSHAL  857    235/65 R16 115R","DOT 2008","87.40","1","https://media2.tyre-shopping.com/images/tyre/857-R-w300-h300-br1.jpg"
"197624","ROTEX","ATF      4231   12.5/80-15.3 16PR TL",,"117.00","39","https://media2.tyre-shopping.com/images/tyre/4231-R-w300-h300-br1.jpg"
"197631","TOYO","CON. 130/70- 12 56 P TL TWIST",,"23.10","26","https://media2.tyre-shopping.com/images/tyre/790-R-w300-h300-br1.jpg"
"198838","DOUBLESTAR","ATF      6040   12.5/80-18 14PR TL","MPT","157.84","36","https://media2.tyre-shopping.com/images/tyre/6040-R-w300-h300-br1.jpg"
"201373","PIRELLI","SCHELKMA SR63D    24.00  R35 E4 TL",,"5085.00","8","https://media2.tyre-shopping.com/images/tyre/63-R-w300-h300-br1.jpg"
"207854","GOODYEAR","ALLIANCE 570    500/70 R24 164A8","164B","686.00","1","https://media2.tyre-shopping.com/images/tyre/570-R-w300-h300-br1.jpg"
"208695","VREDESTEIN","ATF      1324   16.9   -30 12PR TL",,"349.00","20","https://media2.tyre-shopping.com/images/tyre/1324-R-w300-h300-br1.jpg"
"213568","ROADSTONE","OVATION  VI-682 205/70 R15 96 H ",,"33.58","72","https://media2.tyre-shopping.com/images/tyre/682-R-w300-h300-br1.jpg"
"215169","SEMPERIT","OVATION  VI-388 205/45 R16 87 W XL",,"38.00","54","https://media2.tyre-shopping.com/images/tyre/388-R-w300-h300-br1.jpg"
"215444","NEXEN","ROCKSTON 109    175/65 R15 84 H","DOT 2010","28.03","14","https://media2.tyre-shopping.com/images/tyre/109-R-w300-h300-br1.jpg"
"216272","CEAT","ATF      1900   14.9   -24 8 PR TT",,"188.99","21","https://media2.tyre-shopping.com/images/tyre/1900-R-w300-h300-br1.jpg"
"216273","GT-RADIAL","ATF      1630   7.50   -20 8 PR TT",,"78.00","11","https://media2.tyre-shopping.com/images/tyre/1630-R-w300-h300-br1.jpg"
"219980","BARUM-MITAS","ATF      3340   4.00   -19 6 PR TT",,"33.16","17","https://media2.tyre-shopping.com/images/tyre/3340-R-w300-h300-br1.jpg"
"220080","AVON","DELFIN   DK5000 195/55 R16 87 V",,"41.00","50","https://media2.tyre-shopping.com/images/tyre/500-R-w300-h300-br1.jpg"
"221980","PIRELLI","ATF      1351   13.6   -24 8 PR TT",,"186.99","23","https://media2.tyre-shopping.com/images/tyre/1351-R-w300-h300-br1.jpg"
"226075","TOYO","KUMHO    857    195/65 R16 104R","DOT 2010","52.25","4","https://media2.tyre-shopping.com/images/tyre/857-R-w300-h300-br1.jpg"
"226437","BARUM-MITAS","ATF      3340   11.00  -16 12PR","F2 PROFIL","95.00","3","https://media2.tyre-shopping.com/images/tyre/3340-R-w300-h300-br1.jpg"
"229762","GOODYEAR","OVATION  W-586  215/65 R16 98 H ",,"49.50","98","https://media2.tyre-shopping.com/images/tyre/586-R-w300-h300-br1.jpg"
"230228","CONTINENTAL","CONTI    TS830P 235/55 R18 104H XL","AO","169.43","290","https://media2.tyre-shopping.com/images/tyre/235-R-w300-h300-br1.jpg"
"230749","NEXEN","PETLAS   TA110  260/80 R20 106A8 TL","103B","157.69","2","https://media2.tyre-shopping.com/images/tyre/106-R-w300-h300-br1.jpg"
"230831","NEXEN","PETLAS   TA110  320/85 R36 128A8 TL","125B","354.00","6","https://media2.tyre-shopping.com/images/tyre/128-R-w300-h300-br1.jpg"
"232103","CONTINENTAL","KAMA     310     12.00 R20 18PR TT","154J M+S","242.60","15","https://media2.tyre-shopping.com/images/tyre/310-R-w300-h300-br1.jpg"
"232884","NEXEN","PETLAS   TA110  340/85 R36 132A8","129B (13.6R36) ","375.88","2","https://media2.tyre-shopping.com/images/tyre/132-R-w300-h300-br1.jpg"
"235567","FULDA","NEXEN    NBLUE  165/65 R14 79 H","ECO","29.57","255","https://media2.tyre-shopping.com/images/tyre/165-R-w300-h300-br1.jpg"
"235928","MICHELIN","NEXEN    NFERA  205/45 R16 87 W XL",,"47.50","180","https://media2.tyre-shopping.com/images/tyre/205-R-w300-h300-br1.jpg"
"239636","CONTINENTAL","NEXEN    N8000  235/65 R17 104H",,"80.26","3","https://media2.tyre-shopping.com/images/tyre/235-R-w300-h300-br1.jpg"
"242079","NEXEN","ACHILLES 122    185/65 R14 86 H",,"31.94","4","https://media2.tyre-shopping.com/images/tyre/122-R-w300-h300-br1.jpg"
"242408","TOYO","KUMHO    857    205/65R16C 107T",,"63.29","26","https://media2.tyre-shopping.com/images/tyre/857-R-w300-h300-br1.jpg"
"243103","NEXEN","ROCKSTON 109    145/70 R13 71 T","DOT 2010","22.50","8","https://media2.tyre-shopping.com/images/tyre/109-R-w300-h300-br1.jpg"
"243677","NEXEN","ACHILLES DES-AP 215/85 R16 115L",,"65.00","2","https://media2.tyre-shopping.com/images/tyre/112-R-w300-h300-br1.jpg"
"244692","TOYO","MARSHAL  857    225/75R16C 121R",,"93.77","21","https://media2.tyre-shopping.com/images/tyre/857-R-w300-h300-br1.jpg"
"244714","KUMHO","SUPERKI. 76     4.00   -19 4 PR TT",,"32.00","20","https://media2.tyre-shopping.com/images/tyre/76-R-w300-h300-br1.jpg"
"245866","RONGCHENG","ATF      6067   11.5/80-15.3 12PR TL",,"92.99","5","https://media2.tyre-shopping.com/images/tyre/6067-R-w300-h300-br1.jpg"
"247304","NEXEN","ROCKSTON 109    185/70 R14 88 T","DOT 2011","30.65","57","https://media2.tyre-shopping.com/images/tyre/109-R-w300-h300-br1.jpg"
"247911","TRIANGLE","ATF      4483   10.0/75-15.3  14PR TL",,"57.00","24","https://media2.tyre-shopping.com/images/tyre/4483-R-w300-h300-br1.jpg"
"247912","RUNDERNEUERT","ATF      5491   8.25   -15 16PR TT",,"145.00","18","https://media2.tyre-shopping.com/images/tyre/5491-R-w300-h300-br1.jpg"
"248997","TOYO","KUMHO    857    195/65R16C 104T","DOT 2011","55.90","60","https://media2.tyre-shopping.com/images/tyre/857-R-w300-h300-br1.jpg"
"249480","MATADOR","ATF      3160   7.50   -20 8 PR TT",,"65.03","1","https://media2.tyre-shopping.com/images/tyre/3160-R-w300-h300-br1.jpg"
"249481","TRIANGLE","ATF      4483   10.0/75-15.3  12PR TL",,"57.09","52","https://media2.tyre-shopping.com/images/tyre/4483-R-w300-h300-br1.jpg"
"250602","BRIDGESTONE","SONAR    S888   185    R14 102R",,"39.00","20","https://media2.tyre-shopping.com/images/tyre/888-R-w300-h300-br1.jpg"
"251160","MICHELIN","DUNLOP   WI-RE2 195/60 R15 88 T",,"59.73","16","https://media2.tyre-shopping.com/images/tyre/195-R-w300-h300-br1.jpg"
"251647","TOYO","MARSHAL  857    195/75R16C 107R 8PR","DOT 2011","51.25","17","https://media2.tyre-shopping.com/images/tyre/857-R-w300-h300-br1.jpg"
"252153","TOYO","KUMHO    857    215/65R16C 106T","104T DOT 2011","60.00","1","https://media2.tyre-shopping.com/images/tyre/857-R-w300-h300-br1.jpg"
"252503","MICHELIN","DUNLOP   WIN-4D 225/55 R18 102H XL ",,"193.39","4","https://media2.tyre-shopping.com/images/tyre/225-R-w300-h300-br1.jpg"
"253610","CHENGSHIN","SF KIA CARENS   6.5X16 ET48,5",,"47.40","110","https://media2.tyre-shopping.com/images/tyre/7765-R-w300-h300-br1.jpg"
"254316","GOODYEAR","TOYO     600+4  255/60 R15 102H","DOT 2010","52.64","1","https://media2.tyre-shopping.com/images/tyre/600-R-w300-h300-br1.jpg"
"400290","BRIDGESTONE","CONTI    TS 800 175/70 R14 88 T XL","EXTRA LOAD M+S","53.25","137","https://media2.tyre-shopping.com/images/tyre/800-R-w300-h300-br1.jpg"
"400292","BRIDGESTONE","CONTI    TS830P 265/35 R18 97 V XL","FR EXTRA LOAD M+S","175.56","370","https://media2.tyre-shopping.com/images/tyre/830-R-w300-h300-br1.jpg"
"400488","TOYO","ALLIANCE   9.5 - 20  324 TT","6 PR","112.48","1","https://media2.tyre-shopping.com/images/tyre/844-R-w300-h300-br1.jpg"
"400557","TOYO","ALLIANCE 16.0/70 - 20  320 TT","12 PR","249.25","8","https://media2.tyre-shopping.com/images/tyre/844-R-w300-h300-br1.jpg"
"400609","TOYO","ALLIANCE 18.4 - 24  533 TL","12 PR","340.00","3","https://media2.tyre-shopping.com/images/tyre/844-R-w300-h300-br1.jpg"
"400613","TOYO","ALLIANCE 20.00 - 20  222 TT","20 PR","939.00","3","https://media2.tyre-shopping.com/images/tyre/844-R-w300-h300-br1.jpg"
"400642","TOYO","ALLIANCE 31X15.50 - 15  221 TL","6 PR","204.00","4","https://media2.tyre-shopping.com/images/tyre/844-R-w300-h300-br1.jpg"
"400664","TOYO","ALLIANCE 500/60 - 15.5  FORESTRY 328 TL","150 A8/157 A2","486.00","1","https://media2.tyre-shopping.com/images/tyre/844-R-w300-h300-br1.jpg"
"400747","TOYO","ALLIANCE   9.5 R 48  350 **** TL","136 A8/136 D","432.00","1","https://media2.tyre-shopping.com/images/tyre/844-R-w300-h300-br1.jpg"
"400751","TOYO","ALLIANCE  9.5 R 32  350 **** TL","128 A8/128 D","302.00","7","https://media2.tyre-shopping.com/images/tyre/844-R-w300-h300-br1.jpg"
"400930","TOYO","ALLIANCE 650/50 R 22.5  380 TL","172 A8/163 E","983.31","7","https://media2.tyre-shopping.com/images/tyre/844-R-w300-h300-br1.jpg"
"400932","TOYO","ALLIANCE 650/55 R 26.5  380 HD TL","178 D","1169.00","3","https://media2.tyre-shopping.com/images/tyre/844-R-w300-h300-br1.jpg"
"400945","TOYO","ALLIANCE 650/85 R 38  385 TL","173 A8/170 D","2650.00","2","https://media2.tyre-shopping.com/images/tyre/844-R-w300-h300-br1.jpg"
"403068","BRIDGESTONE","CONTI    TS 800 125/80 R13 65 Q","M+S","34.53","229","https://media2.tyre-shopping.com/images/tyre/800-R-w300-h300-br1.jpg"
"403467","TOYO","HANKOOK  H730   195/70 R14 91 T","ALLWETTER OPTIMO 4S","55.07","66","https://media2.tyre-shopping.com/images/tyre/730-R-w300-h300-br1.jpg"
"403468","TOYO","HANKOOK  H730   165/70 R14 81 T","ALLWETTER OPTIMO 4S OE VW UP","36.07","1253","https://media2.tyre-shopping.com/images/tyre/730-R-w300-h300-br1.jpg"
"403718","TOYO","MARSHAL  857    215/70R15C 109S",,"55.99","68","https://media2.tyre-shopping.com/images/tyre/857-R-w300-h300-br1.jpg"
"403720","TOYO","MARSHAL  857    225/65R16C 109S",,"84.15","116","https://media2.tyre-shopping.com/images/tyre/857-R-w300-h300-br1.jpg"
"409714","TOYO","CON. 130/60- 13 60 L TL SCOOTY",,"24.00","2","https://media2.tyre-shopping.com/images/tyre/790-R-w300-h300-br1.jpg"
"409716","TOYO","CON. 100/90- 10 61 J TL SCOOTY",,"21.72","41","https://media2.tyre-shopping.com/images/tyre/790-R-w300-h300-br1.jpg"
"418473","TIANLI","MARSHAL  7400   145/80 R13 75 Q","M+S","25.27","40","https://media2.tyre-shopping.com/images/tyre/7400-R-w300-h300-br1.jpg"
